-- MySQL Script generated by MySQL Workbench
-- Tue Oct 23 14:43:55 2018
-- Model: New Model    Version: 1.0
-- MySQL Workbench Forward Engineering

SET @OLD_UNIQUE_CHECKS=@@UNIQUE_CHECKS, UNIQUE_CHECKS=0;
SET @OLD_FOREIGN_KEY_CHECKS=@@FOREIGN_KEY_CHECKS, FOREIGN_KEY_CHECKS=0;
SET @OLD_SQL_MODE=@@SQL_MODE, SQL_MODE='TRADITIONAL,ALLOW_INVALID_DATES';

-- -----------------------------------------------------
-- Schema mjm15n
-- -----------------------------------------------------
DROP SCHEMA IF EXISTS `mjm15n` ;

-- -----------------------------------------------------
-- Schema mjm15n
-- -----------------------------------------------------
CREATE SCHEMA IF NOT EXISTS `mjm15n` DEFAULT CHARACTER SET utf8 ;
SHOW WARNINGS;
USE `mjm15n` ;

-- -----------------------------------------------------
-- Table `mjm15n`.`petstore`
-- -----------------------------------------------------
DROP TABLE IF EXISTS `mjm15n`.`petstore` ;

SHOW WARNINGS;
CREATE TABLE IF NOT EXISTS `mjm15n`.`petstore` (
  `pst_id` SMALLINT UNSIGNED NOT NULL AUTO_INCREMENT,
  `pst_name` VARCHAR(30) NOT NULL,
  `pst_street` VARCHAR(30) NOT NULL,
  `pst_city` VARCHAR(30) NOT NULL,
  `pst_state` CHAR(2) NOT NULL,
  `pst_zip` INT(9) UNSIGNED NOT NULL,
  `pst_phone` BIGINT UNSIGNED NOT NULL,
  `pst_email` VARCHAR(100) NOT NULL,
  `pst_url` VARCHAR(100) NOT NULL,
  `pst_ytd_sales` DECIMAL(10,2) NOT NULL,
  `pst_notes` VARCHAR(255) NULL,
  PRIMARY KEY (`pst_id`))
ENGINE = InnoDB;

SHOW WARNINGS;

-- -----------------------------------------------------
-- Table `mjm15n`.`customer`
-- -----------------------------------------------------
DROP TABLE IF EXISTS `mjm15n`.`customer` ;

SHOW WARNINGS;
CREATE TABLE IF NOT EXISTS `mjm15n`.`customer` (
  `cus_id` SMALLINT UNSIGNED NOT NULL AUTO_INCREMENT,
  `cus_fname` VARCHAR(15) NOT NULL,
  `cus_lname` VARCHAR(30) NOT NULL,
  `cus_street` VARCHAR(30) NOT NULL,
  `cus_city` VARCHAR(30) NOT NULL,
  `cus_state` CHAR(2) NOT NULL,
  `cus_zip` INT UNSIGNED NOT NULL,
  `cus_phone` BIGINT UNSIGNED NOT NULL,
  `cus_email` VARCHAR(100) NOT NULL,
  `cus_balance` DECIMAL(6,2) NOT NULL,
  `cus_total_sales` DECIMAL(6,2) NOT NULL,
  `cus_notes` VARCHAR(255) NULL,
  PRIMARY KEY (`cus_id`))
ENGINE = InnoDB;

SHOW WARNINGS;

-- -----------------------------------------------------
-- Table `mjm15n`.`pet`
-- -----------------------------------------------------
DROP TABLE IF EXISTS `mjm15n`.`pet` ;

SHOW WARNINGS;
CREATE TABLE IF NOT EXISTS `mjm15n`.`pet` (
  `pet_id` SMALLINT UNSIGNED NOT NULL AUTO_INCREMENT,
  `pst_id` SMALLINT UNSIGNED NOT NULL,
  `cus_id` SMALLINT UNSIGNED NULL,
  `pet_type` VARCHAR(45) NOT NULL,
  `pet_sex` ENUM('m', 'f') NOT NULL,
  `pet_cost` DECIMAL(6,2) NOT NULL,
  `pet_price` DECIMAL(6,2) NOT NULL,
  `pet_age` TINYINT UNSIGNED NOT NULL,
  `pet_color` VARCHAR(30) NOT NULL,
  `pet_sale_date` DATE NULL,
  `pet_vaccine` ENUM('y', 'n') NOT NULL,
  `pet_neuter` ENUM('y', 'n') NOT NULL,
  `pet_notes` VARCHAR(255) NULL,
  PRIMARY KEY (`pet_id`),
  INDEX `fk_pet_petstore_idx` (`pst_id` ASC),
  INDEX `fk_pet_customer1_idx` (`cus_id` ASC),
  CONSTRAINT `fk_pet_petstore`
    FOREIGN KEY (`pst_id`)
    REFERENCES `mjm15n`.`petstore` (`pst_id`)
    ON DELETE NO ACTION
    ON UPDATE NO ACTION,
  CONSTRAINT `fk_pet_customer1`
    FOREIGN KEY (`cus_id`)
    REFERENCES `mjm15n`.`customer` (`cus_id`)
    ON DELETE NO ACTION
    ON UPDATE NO ACTION)
ENGINE = InnoDB;

SHOW WARNINGS;

SET SQL_MODE=@OLD_SQL_MODE;
SET FOREIGN_KEY_CHECKS=@OLD_FOREIGN_KEY_CHECKS;
SET UNIQUE_CHECKS=@OLD_UNIQUE_CHECKS;

-- -----------------------------------------------------
-- Data for table `mjm15n`.`petstore`
-- -----------------------------------------------------
START TRANSACTION;
USE `mjm15n`;
INSERT INTO `mjm15n`.`petstore` (`pst_id`, `pst_name`, `pst_street`, `pst_city`, `pst_state`, `pst_zip`, `pst_phone`, `pst_email`, `pst_url`, `pst_ytd_sales`, `pst_notes`) VALUES (1, 'Paws and Claws', '123 Main St', 'Tallahassee', 'FL', 32302, 8502398293, 'clawspaws@aol.com', 'clawsnpaws.com', 50000, NULL);
INSERT INTO `mjm15n`.`petstore` (`pst_id`, `pst_name`, `pst_street`, `pst_city`, `pst_state`, `pst_zip`, `pst_phone`, `pst_email`, `pst_url`, `pst_ytd_sales`, `pst_notes`) VALUES (2, 'Furry Friends', '2823 Monroe St', 'Tallahassee', 'FL', 32304, 8509388838, 'furryfriends123@hotmail.com', 'furryfriends.com', 65000, NULL);
INSERT INTO `mjm15n`.`petstore` (`pst_id`, `pst_name`, `pst_street`, `pst_city`, `pst_state`, `pst_zip`, `pst_phone`, `pst_email`, `pst_url`, `pst_ytd_sales`, `pst_notes`) VALUES (3, 'Pet Partners', '850 Proof Dr', 'Tallahassee', 'FL', 32301, 8509990909, 'petpartnerss@gmail.com', 'petpartners.com', 123000, NULL);
INSERT INTO `mjm15n`.`petstore` (`pst_id`, `pst_name`, `pst_street`, `pst_city`, `pst_state`, `pst_zip`, `pst_phone`, `pst_email`, `pst_url`, `pst_ytd_sales`, `pst_notes`) VALUES (4, 'Pet Palace', '1851 FSU Way', 'Tallahassee', 'FL', 32301, 8009389283, 'petpalace@gmail.com', 'petpalace.com', 24000, NULL);
INSERT INTO `mjm15n`.`petstore` (`pst_id`, `pst_name`, `pst_street`, `pst_city`, `pst_state`, `pst_zip`, `pst_phone`, `pst_email`, `pst_url`, `pst_ytd_sales`, `pst_notes`) VALUES (5, 'Carol\'s Critters', '3892 Greenway Dr', 'Tallahassee', 'FL', 32301, 8501828294, 'ccritters850@gmail.com', 'carolscritters.com', 55000, NULL);
INSERT INTO `mjm15n`.`petstore` (`pst_id`, `pst_name`, `pst_street`, `pst_city`, `pst_state`, `pst_zip`, `pst_phone`, `pst_email`, `pst_url`, `pst_ytd_sales`, `pst_notes`) VALUES (6, 'Purrs and Grrs', '1310 Warrior Way', 'Tallahassee', 'FL', 32304, 8508898392, 'purrsandgrrs@hotmail.com', 'purrsandgrrs.com', 86000, NULL);
INSERT INTO `mjm15n`.`petstore` (`pst_id`, `pst_name`, `pst_street`, `pst_city`, `pst_state`, `pst_zip`, `pst_phone`, `pst_email`, `pst_url`, `pst_ytd_sales`, `pst_notes`) VALUES (7, 'Andy\'s Animals', '1839 Baldwin Park Dr', 'Tallahassee', 'FL', 32303, 8501248219, 'andysanimals@andyaa.com', 'andysanimals.com', 46000, NULL);
INSERT INTO `mjm15n`.`petstore` (`pst_id`, `pst_name`, `pst_street`, `pst_city`, `pst_state`, `pst_zip`, `pst_phone`, `pst_email`, `pst_url`, `pst_ytd_sales`, `pst_notes`) VALUES (8, 'Dog House', '289 Jackson Bluff', 'Tallahassee', 'FL', 32303, 8002899182, 'thedoghouse@gmail.com', 'thedoghouse.com', 89000, NULL);
INSERT INTO `mjm15n`.`petstore` (`pst_id`, `pst_name`, `pst_street`, `pst_city`, `pst_state`, `pst_zip`, `pst_phone`, `pst_email`, `pst_url`, `pst_ytd_sales`, `pst_notes`) VALUES (9, 'Petco', '930 Apalachee Pkwy', 'Tallahassee', 'FL', 32301, 7899298392, 'hello@petco.com', 'petco.com', 500392, NULL);
INSERT INTO `mjm15n`.`petstore` (`pst_id`, `pst_name`, `pst_street`, `pst_city`, `pst_state`, `pst_zip`, `pst_phone`, `pst_email`, `pst_url`, `pst_ytd_sales`, `pst_notes`) VALUES (10, 'Petsmart', '1092 Gaines St', 'Tallahassee', 'FL', 32301, 8509299929, 'contact@petsmart.com', 'petsmart.com', 800000, NULL);

COMMIT;


-- -----------------------------------------------------
-- Data for table `mjm15n`.`customer`
-- -----------------------------------------------------
START TRANSACTION;
USE `mjm15n`;
INSERT INTO `mjm15n`.`customer` (`cus_id`, `cus_fname`, `cus_lname`, `cus_street`, `cus_city`, `cus_state`, `cus_zip`, `cus_phone`, `cus_email`, `cus_balance`, `cus_total_sales`, `cus_notes`) VALUES (1, 'Bob', 'Hanson', '4240 North Monroe', 'Tallahassee', 'FL', 32304, 8505758473, 'bob@acb.com', 100, 293, NULL);
INSERT INTO `mjm15n`.`customer` (`cus_id`, `cus_fname`, `cus_lname`, `cus_street`, `cus_city`, `cus_state`, `cus_zip`, `cus_phone`, `cus_email`, `cus_balance`, `cus_total_sales`, `cus_notes`) VALUES (2, 'Carol', 'Ronson', '1298 Tennessee St', 'Tallahassee', 'FL', 23892, 9208283982, 'makcuq@gmail.com', 239, 123, NULL);
INSERT INTO `mjm15n`.`customer` (`cus_id`, `cus_fname`, `cus_lname`, `cus_street`, `cus_city`, `cus_state`, `cus_zip`, `cus_phone`, `cus_email`, `cus_balance`, `cus_total_sales`, `cus_notes`) VALUES (3, 'Jason', 'Baldwin', '23984 Apalachee Pkwy', 'Tallahassee', 'FL', 30393, 9829938912, 'jason@gmail.com', 12, 29, NULL);
INSERT INTO `mjm15n`.`customer` (`cus_id`, `cus_fname`, `cus_lname`, `cus_street`, `cus_city`, `cus_state`, `cus_zip`, `cus_phone`, `cus_email`, `cus_balance`, `cus_total_sales`, `cus_notes`) VALUES (4, 'John', 'Smith', '238 Gaines St', 'Tallahassee', 'FL', 30293, 1239418239, 'jsmith@gmail.com', 45, 39, NULL);
INSERT INTO `mjm15n`.`customer` (`cus_id`, `cus_fname`, `cus_lname`, `cus_street`, `cus_city`, `cus_state`, `cus_zip`, `cus_phone`, `cus_email`, `cus_balance`, `cus_total_sales`, `cus_notes`) VALUES (5, 'Harry', 'Blackmon', '283 Warrior Way', 'Tallahassee', 'Fl', 32304, 1239828374, 'harry@gmail.com', 12, 48, NULL);
INSERT INTO `mjm15n`.`customer` (`cus_id`, `cus_fname`, `cus_lname`, `cus_street`, `cus_city`, `cus_state`, `cus_zip`, `cus_phone`, `cus_email`, `cus_balance`, `cus_total_sales`, `cus_notes`) VALUES (6, 'Monica', 'Sanchez', '238 Tenor St', 'Tallahassee', 'FL', 32303, 1938471293, 'mon@gmail.com', 42, 19, NULL);
INSERT INTO `mjm15n`.`customer` (`cus_id`, `cus_fname`, `cus_lname`, `cus_street`, `cus_city`, `cus_state`, `cus_zip`, `cus_phone`, `cus_email`, `cus_balance`, `cus_total_sales`, `cus_notes`) VALUES (7, 'Sarah', 'Mason', '239 Apalachee Pkwy', 'Tallahassee', 'FL', 32304, 1293847912, 'sarah@gmail.com', 344, 391, NULL);
INSERT INTO `mjm15n`.`customer` (`cus_id`, `cus_fname`, `cus_lname`, `cus_street`, `cus_city`, `cus_state`, `cus_zip`, `cus_phone`, `cus_email`, `cus_balance`, `cus_total_sales`, `cus_notes`) VALUES (8, 'Lola', 'Carmichael', '383 Gaines St', 'Tallahassee', 'FL', 32039, 2983921828, 'lola@gmail.com', 342, 2198, NULL);
INSERT INTO `mjm15n`.`customer` (`cus_id`, `cus_fname`, `cus_lname`, `cus_street`, `cus_city`, `cus_state`, `cus_zip`, `cus_phone`, `cus_email`, `cus_balance`, `cus_total_sales`, `cus_notes`) VALUES (9, 'Donny', 'Ferrari', '238 Gaines St', 'Tallahassee', 'FL', 23982, 8384748483, 'donny123@aol.com', 345, 328, NULL);
INSERT INTO `mjm15n`.`customer` (`cus_id`, `cus_fname`, `cus_lname`, `cus_street`, `cus_city`, `cus_state`, `cus_zip`, `cus_phone`, `cus_email`, `cus_balance`, `cus_total_sales`, `cus_notes`) VALUES (10, 'Mack', 'Black', '238 Monroe St', 'Tallahassee', 'Fl', 23982, 1928374912, 'mblack@gmail.com', 643, 328, NULL);

COMMIT;


-- -----------------------------------------------------
-- Data for table `mjm15n`.`pet`
-- -----------------------------------------------------
START TRANSACTION;
USE `mjm15n`;
INSERT INTO `mjm15n`.`pet` (`pet_id`, `pst_id`, `cus_id`, `pet_type`, `pet_sex`, `pet_cost`, `pet_price`, `pet_age`, `pet_color`, `pet_sale_date`, `pet_vaccine`, `pet_neuter`, `pet_notes`) VALUES (1, 1, 5, 'Doberman', 'm', 350, 525, 2, 'black', '2018-05-12', 'n', 'n', NULL);
INSERT INTO `mjm15n`.`pet` (`pet_id`, `pst_id`, `cus_id`, `pet_type`, `pet_sex`, `pet_cost`, `pet_price`, `pet_age`, `pet_color`, `pet_sale_date`, `pet_vaccine`, `pet_neuter`, `pet_notes`) VALUES (2, 2, NULL, 'Chiwawa', 'm', 175, 165, 5, 'white', '2017-02-30', 'n', 'n', NULL);
INSERT INTO `mjm15n`.`pet` (`pet_id`, `pst_id`, `cus_id`, `pet_type`, `pet_sex`, `pet_cost`, `pet_price`, `pet_age`, `pet_color`, `pet_sale_date`, `pet_vaccine`, `pet_neuter`, `pet_notes`) VALUES (3, 3, 5, 'American Bobtail', 'f', 195, 385, 4, 'black/tan', '2018-03-12', 'y', 'y', NULL);
INSERT INTO `mjm15n`.`pet` (`pet_id`, `pst_id`, `cus_id`, `pet_type`, `pet_sex`, `pet_cost`, `pet_price`, `pet_age`, `pet_color`, `pet_sale_date`, `pet_vaccine`, `pet_neuter`, `pet_notes`) VALUES (4, 4, 3, 'American Longhair', 'f', 165, 275, 6, 'grey', '2017-12-12', 'y', 'y', NULL);
INSERT INTO `mjm15n`.`pet` (`pet_id`, `pst_id`, `cus_id`, `pet_type`, `pet_sex`, `pet_cost`, `pet_price`, `pet_age`, `pet_color`, `pet_sale_date`, `pet_vaccine`, `pet_neuter`, `pet_notes`) VALUES (5, 5, NULL, 'British Shorthair', 'm', 155, 145, 1, 'green', '2018-06-06', 'n', 'y', NULL);
INSERT INTO `mjm15n`.`pet` (`pet_id`, `pst_id`, `cus_id`, `pet_type`, `pet_sex`, `pet_cost`, `pet_price`, `pet_age`, `pet_color`, `pet_sale_date`, `pet_vaccine`, `pet_neuter`, `pet_notes`) VALUES (6, 6, 2, 'Rose-Ringed Parakeet', 'f', 18, 32, 2, 'yellow', '2018-07-11', 'n', 'y', NULL);
INSERT INTO `mjm15n`.`pet` (`pet_id`, `pst_id`, `cus_id`, `pet_type`, `pet_sex`, `pet_cost`, `pet_price`, `pet_age`, `pet_color`, `pet_sale_date`, `pet_vaccine`, `pet_neuter`, `pet_notes`) VALUES (7, 7, 1, 'African Grey Parrot', 'm', 1295, 1800, 3, 'grey', '2018-09-17', 'y', 'n', NULL);
INSERT INTO `mjm15n`.`pet` (`pet_id`, `pst_id`, `cus_id`, `pet_type`, `pet_sex`, `pet_cost`, `pet_price`, `pet_age`, `pet_color`, `pet_sale_date`, `pet_vaccine`, `pet_neuter`, `pet_notes`) VALUES (8, 8, 8, 'Pitbull', 'f', 300, 495, 13, 'brown', '2018-03-12', 'n', 'n', NULL);
INSERT INTO `mjm15n`.`pet` (`pet_id`, `pst_id`, `cus_id`, `pet_type`, `pet_sex`, `pet_cost`, `pet_price`, `pet_age`, `pet_color`, `pet_sale_date`, `pet_vaccine`, `pet_neuter`, `pet_notes`) VALUES (9, 9, 10, 'Boa Constrictor', 'm', 450, 735, 3, 'brown', '2018-05-19', 'y', 'n', NULL);
INSERT INTO `mjm15n`.`pet` (`pet_id`, `pst_id`, `cus_id`, `pet_type`, `pet_sex`, `pet_cost`, `pet_price`, `pet_age`, `pet_color`, `pet_sale_date`, `pet_vaccine`, `pet_neuter`, `pet_notes`) VALUES (10, 10, 9, 'Turtle', 'm', 20, 25, 2, 'green', '2018-01-20', 'n', 'y', NULL);

COMMIT;

